work_year,experience_level,employment_type,job_title,salary,salary_currency,salary_in_usd,employee_residence,remote_ratio,company_location,company_size
2020,Mid-Level,Full-time,Data Scientist,70000,EUR,79833,Germany,No Remote Work,Germany,LARGE
2020,Senior-Level,Full-time,Machine Learning Scientist,260000,USD,260000,Japan,No Remote Work,Japan,SMALL
2020,Senior-Level,Full-time,Big Data Engineer,85000,GBP,109024,United Kingdom,Partially Remote,United Kingdom,MEDIUM
2020,Mid-Level,Full-time,Product Data Analyst,20000,USD,20000,Honduras,No Remote Work,Honduras,SMALL
2020,Senior-Level,Full-time,Machine Learning Engineer,150000,USD,150000,United States,Partially Remote,United States,LARGE
2020,Entry-Level,Full-time,Data Analyst,72000,USD,72000,United States,Fully Remote,United States,LARGE
2020,Senior-Level,Full-time,Lead Data Scientist,190000,USD,190000,United States,Fully Remote,United States,SMALL
2020,Mid-Level,Full-time,Data Scientist,11000000,HUF,35735,Hungary,Partially Remote,Hungary,LARGE
2020,Mid-Level,Full-time,Business Data Analyst,135000,USD,135000,United States,Fully Remote,United States,LARGE
2020,Senior-Level,Full-time,Lead Data Engineer,125000,USD,125000,New Zealand,Partially Remote,New Zealand,SMALL
2020,Entry-Level,Full-time,Data Scientist,45000,EUR,51321,France,No Remote Work,France,SMALL
2020,Mid-Level,Full-time,Data Scientist,3000000,INR,40481,India,No Remote Work,India,LARGE
2020,Entry-Level,Full-time,Data Scientist,35000,EUR,39916,France,No Remote Work,France,MEDIUM
2020,Mid-Level,Full-time,Lead Data Analyst,87000,USD,87000,United States,Fully Remote,United States,LARGE
2020,Mid-Level,Full-time,Data Analyst,85000,USD,85000,United States,Fully Remote,United States,LARGE
2020,Mid-Level,Full-time,Data Analyst,8000,USD,8000,Pakistan,Partially Remote,Pakistan,LARGE
2020,Entry-Level,Full-time,Data Engineer,4450000,JPY,41689,Japan,Fully Remote,Japan,SMALL
2020,Senior-Level,Full-time,Big Data Engineer,100000,EUR,114047,Poland,Fully Remote,United Kingdom,SMALL
2020,Entry-Level,Full-time,Data Science Consultant,423000,INR,5707,India,Partially Remote,India,MEDIUM
2020,Mid-Level,Full-time,Lead Data Engineer,56000,USD,56000,Portugal,Fully Remote,United States,MEDIUM
2020,Mid-Level,Full-time,Machine Learning Engineer,299000,CNY,43331,China,No Remote Work,China,MEDIUM
2020,Mid-Level,Full-time,Product Data Analyst,450000,INR,6072,India,Fully Remote,India,LARGE
2020,Senior-Level,Full-time,Data Engineer,42000,EUR,47899,Greece,Partially Remote,Greece,LARGE
2020,Mid-Level,Full-time,BI Data Analyst,98000,USD,98000,United States,No Remote Work,United States,MEDIUM
2020,Mid-Level,Full-time,Lead Data Scientist,115000,USD,115000,United Arab Emirates,No Remote Work,United Arab Emirates,LARGE
2020,Executive-Level,Full-time,Director of Data Science,325000,USD,325000,United States,Fully Remote,United States,LARGE
2020,Entry-Level,Full-time,Research Scientist,42000,USD,42000,Netherlands,Partially Remote,Netherlands,LARGE
2020,Senior-Level,Full-time,Data Engineer,720000,MXN,33511,Mexico,No Remote Work,Mexico,SMALL
2020,Entry-Level,Contract,Business Data Analyst,100000,USD,100000,United States,Fully Remote,United States,LARGE
2020,Senior-Level,Full-time,Machine Learning Manager,157000,CAD,117104,Canada,Partially Remote,Canada,LARGE
2020,Mid-Level,Full-time,Data Engineering Manager,51999,EUR,59303,Germany,Fully Remote,Germany,SMALL
2020,Entry-Level,Full-time,Big Data Engineer,70000,USD,70000,United States,Fully Remote,United States,LARGE
2020,Senior-Level,Full-time,Data Scientist,60000,EUR,68428,Greece,Fully Remote,United States,LARGE
2020,Mid-Level,Full-time,Research Scientist,450000,USD,450000,United States,No Remote Work,United States,MEDIUM
2020,Mid-Level,Full-time,Data Analyst,41000,EUR,46759,France,Partially Remote,France,LARGE
2020,Mid-Level,Full-time,Data Engineer,65000,EUR,74130,Austria,Partially Remote,Austria,LARGE
2020,Mid-Level,Full-time,Data Science Consultant,103000,USD,103000,United States,Fully Remote,United States,LARGE
2020,Entry-Level,Full-time,Machine Learning Engineer,250000,USD,250000,United States,Partially Remote,United States,LARGE
2020,Entry-Level,Full-time,Data Analyst,10000,USD,10000,Nigeria,Fully Remote,Nigeria,SMALL
2020,Entry-Level,Full-time,Machine Learning Engineer,138000,USD,138000,United States,Fully Remote,United States,SMALL
2020,Mid-Level,Full-time,Data Scientist,45760,USD,45760,Philippines,Fully Remote,United States,SMALL
2020,Executive-Level,Full-time,Data Engineering Manager,70000,EUR,79833,Spain,Partially Remote,Spain,LARGE
2020,Mid-Level,Full-time,Machine Learning Infrastructure Engineer,44000,EUR,50180,Portugal,No Remote Work,Portugal,MEDIUM
2020,Mid-Level,Full-time,Data Engineer,106000,USD,106000,United States,Fully Remote,United States,LARGE
2020,Mid-Level,Full-time,Data Engineer,88000,GBP,112872,United Kingdom,Partially Remote,United Kingdom,LARGE
2020,Entry-Level,Part-time,ML Engineer,14000,EUR,15966,Germany,Fully Remote,Germany,SMALL
2020,Mid-Level,Full-time,Data Scientist,60000,GBP,76958,United Kingdom,Fully Remote,United Kingdom,SMALL
2020,Senior-Level,Full-time,Data Engineer,188000,USD,188000,United States,Fully Remote,United States,LARGE
2020,Mid-Level,Full-time,Data Scientist,105000,USD,105000,United States,Fully Remote,United States,LARGE
2020,Mid-Level,Full-time,Data Engineer,61500,EUR,70139,France,Partially Remote,France,LARGE
2020,Entry-Level,Full-time,Data Analyst,450000,INR,6072,India,No Remote Work,India,SMALL
2020,Entry-Level,Full-time,Data Analyst,91000,USD,91000,United States,Fully Remote,United States,LARGE
2020,Entry-Level,Full-time,AI Scientist,300000,DKK,45896,Denmark,Partially Remote,Denmark,SMALL
2020,Entry-Level,Full-time,Data Engineer,48000,EUR,54742,Pakistan,Fully Remote,Germany,LARGE
2020,Senior-Level,Freelance,Computer Vision Engineer,60000,USD,60000,Russia,Fully Remote,United States,SMALL
2020,Senior-Level,Full-time,Principal Data Scientist,130000,EUR,148261,Germany,Fully Remote,Germany,MEDIUM
2020,Mid-Level,Full-time,Data Scientist,34000,EUR,38776,Spain,Fully Remote,Spain,MEDIUM
2020,Mid-Level,Full-time,Data Scientist,118000,USD,118000,United States,Fully Remote,United States,MEDIUM
2020,Senior-Level,Full-time,Data Scientist,120000,USD,120000,United States,Partially Remote,United States,LARGE
2020,Mid-Level,Full-time,Data Scientist,138350,USD,138350,United States,Fully Remote,United States,MEDIUM
2020,Mid-Level,Full-time,Data Engineer,110000,USD,110000,United States,Fully Remote,United States,LARGE
2020,Mid-Level,Full-time,Data Engineer,130800,USD,130800,Spain,Fully Remote,United States,MEDIUM
2020,Entry-Level,Part-time,Data Scientist,19000,EUR,21669,Italy,Partially Remote,Italy,SMALL
2020,Senior-Level,Full-time,Data Scientist,412000,USD,412000,United States,Fully Remote,United States,LARGE
2020,Senior-Level,Full-time,Machine Learning Engineer,40000,EUR,45618,Croatia,Fully Remote,Croatia,SMALL
2020,Entry-Level,Full-time,Data Scientist,55000,EUR,62726,Germany,Partially Remote,Germany,SMALL
2020,Entry-Level,Full-time,Data Scientist,43200,EUR,49268,Germany,No Remote Work,Germany,SMALL
2020,Senior-Level,Full-time,Data Science Manager,190200,USD,190200,United States,Fully Remote,United States,MEDIUM
2020,Entry-Level,Full-time,Data Scientist,105000,USD,105000,United States,Fully Remote,United States,SMALL
2020,Senior-Level,Full-time,Data Scientist,80000,EUR,91237,Austria,No Remote Work,Austria,SMALL
2020,Mid-Level,Full-time,Data Scientist,55000,EUR,62726,France,Partially Remote,Luxembourg,SMALL
2020,Mid-Level,Full-time,Data Scientist,37000,EUR,42197,France,Partially Remote,France,SMALL
2021,Entry-Level,Full-time,Research Scientist,60000,GBP,82528,United Kingdom,Partially Remote,United Kingdom,LARGE
2021,Executive-Level,Full-time,BI Data Analyst,150000,USD,150000,India,Fully Remote,United States,LARGE
2021,Executive-Level,Full-time,Head of Data,235000,USD,235000,United States,Fully Remote,United States,LARGE
2021,Senior-Level,Full-time,Data Scientist,45000,EUR,53192,France,Partially Remote,France,LARGE
2021,Mid-Level,Full-time,BI Data Analyst,100000,USD,100000,United States,Fully Remote,United States,MEDIUM
2021,Mid-Level,Part-time,3D Computer Vision Researcher,400000,INR,5409,India,Partially Remote,India,MEDIUM
2021,Mid-Level,Contract,ML Engineer,270000,USD,270000,United States,Fully Remote,United States,LARGE
2021,Entry-Level,Full-time,Data Analyst,80000,USD,80000,United States,Fully Remote,United States,MEDIUM
2021,Senior-Level,Full-time,Data Analytics Engineer,67000,EUR,79197,Germany,Fully Remote,Germany,LARGE
2021,Mid-Level,Full-time,Data Engineer,140000,USD,140000,United States,Fully Remote,United States,LARGE
2021,Mid-Level,Full-time,Applied Data Scientist,68000,CAD,54238,United Kingdom,Partially Remote,Canada,LARGE
2021,Mid-Level,Full-time,Machine Learning Engineer,40000,EUR,47282,Spain,Fully Remote,Spain,SMALL
2021,Executive-Level,Full-time,Director of Data Science,130000,EUR,153667,Italy,Fully Remote,Poland,LARGE
2021,Mid-Level,Full-time,Data Engineer,110000,PLN,28476,Poland,Fully Remote,Poland,LARGE
2021,Entry-Level,Full-time,Data Analyst,50000,EUR,59102,France,Partially Remote,France,MEDIUM
2021,Mid-Level,Full-time,Data Analytics Engineer,110000,USD,110000,United States,Fully Remote,United States,LARGE
2021,Senior-Level,Full-time,Lead Data Analyst,170000,USD,170000,United States,Fully Remote,United States,LARGE
2021,Senior-Level,Full-time,Data Analyst,80000,USD,80000,Bulgaria,Fully Remote,United States,SMALL
2021,Senior-Level,Full-time,Marketing Data Analyst,75000,EUR,88654,Greece,Fully Remote,Denmark,LARGE
2021,Entry-Level,Full-time,Data Science Consultant,65000,EUR,76833,Germany,Fully Remote,Germany,SMALL
2021,Mid-Level,Full-time,Lead Data Analyst,1450000,INR,19609,India,Fully Remote,India,LARGE
2021,Senior-Level,Full-time,Lead Data Engineer,276000,USD,276000,United States,No Remote Work,United States,LARGE
2021,Entry-Level,Full-time,Data Scientist,2200000,INR,29751,India,Partially Remote,India,LARGE
2021,Mid-Level,Full-time,Cloud Data Engineer,120000,SGD,89294,Singapore,Partially Remote,Singapore,LARGE
2021,Entry-Level,Part-time,AI Scientist,12000,USD,12000,Brazil,Fully Remote,United States,SMALL
2021,Mid-Level,Full-time,Financial Data Analyst,450000,USD,450000,United States,Fully Remote,United States,LARGE
2021,Entry-Level,Full-time,Computer Vision Software Engineer,70000,USD,70000,United States,Fully Remote,United States,MEDIUM
2021,Mid-Level,Full-time,Computer Vision Software Engineer,81000,EUR,95746,Germany,Fully Remote,United States,SMALL
2021,Mid-Level,Full-time,Data Analyst,75000,USD,75000,United States,No Remote Work,United States,LARGE
2021,Senior-Level,Full-time,Data Engineer,150000,USD,150000,United States,Fully Remote,United States,LARGE
2021,Mid-Level,Full-time,BI Data Analyst,11000000,HUF,36259,Hungary,Partially Remote,United States,LARGE
2021,Mid-Level,Full-time,Data Analyst,62000,USD,62000,United States,No Remote Work,United States,LARGE
2021,Mid-Level,Full-time,Data Scientist,73000,USD,73000,United States,No Remote Work,United States,LARGE
2021,Mid-Level,Full-time,Data Analyst,37456,GBP,51519,United Kingdom,Partially Remote,United Kingdom,LARGE
2021,Mid-Level,Full-time,Research Scientist,235000,CAD,187442,Canada,Fully Remote,Canada,LARGE
2021,Senior-Level,Full-time,Data Engineer,115000,USD,115000,United States,Fully Remote,United States,SMALL
2021,Senior-Level,Full-time,Data Engineer,150000,USD,150000,United States,Fully Remote,United States,MEDIUM
2021,Entry-Level,Full-time,Data Engineer,2250000,INR,30428,India,Fully Remote,India,LARGE
2021,Senior-Level,Full-time,Machine Learning Engineer,80000,EUR,94564,Germany,Partially Remote,Germany,LARGE
2021,Senior-Level,Full-time,Director of Data Engineering,82500,GBP,113476,United Kingdom,Fully Remote,United Kingdom,MEDIUM
2021,Senior-Level,Full-time,Lead Data Engineer,75000,GBP,103160,United Kingdom,Fully Remote,United Kingdom,SMALL
2021,Entry-Level,Part-time,AI Scientist,12000,USD,12000,Pakistan,Fully Remote,United States,MEDIUM
2021,Mid-Level,Full-time,Data Engineer,38400,EUR,45391,Netherlands,Fully Remote,Netherlands,LARGE
2021,Entry-Level,Full-time,Machine Learning Scientist,225000,USD,225000,United States,Fully Remote,United States,LARGE
2021,Mid-Level,Full-time,Data Scientist,50000,USD,50000,Nigeria,Fully Remote,Nigeria,LARGE
2021,Mid-Level,Full-time,Data Science Engineer,34000,EUR,40189,Greece,Fully Remote,Greece,MEDIUM
2021,Entry-Level,Full-time,Data Analyst,90000,USD,90000,United States,Fully Remote,United States,SMALL
2021,Mid-Level,Full-time,Data Engineer,200000,USD,200000,United States,Fully Remote,United States,LARGE
2021,Mid-Level,Full-time,Big Data Engineer,60000,USD,60000,Spain,Partially Remote,Romania,MEDIUM
2021,Senior-Level,Full-time,Principal Data Engineer,200000,USD,200000,United States,Fully Remote,United States,MEDIUM
2021,Entry-Level,Full-time,Data Analyst,50000,USD,50000,United States,Fully Remote,United States,MEDIUM
2021,Entry-Level,Full-time,Applied Data Scientist,80000,GBP,110037,United Kingdom,No Remote Work,United Kingdom,LARGE
2021,Entry-Level,Part-time,Data Analyst,8760,EUR,10354,Spain,Partially Remote,Spain,MEDIUM
2021,Mid-Level,Full-time,Principal Data Scientist,151000,USD,151000,United States,Fully Remote,United States,LARGE
2021,Senior-Level,Full-time,Machine Learning Scientist,120000,USD,120000,United States,Partially Remote,United States,SMALL
2021,Mid-Level,Full-time,Data Scientist,700000,INR,9466,India,No Remote Work,India,SMALL
2021,Entry-Level,Full-time,Machine Learning Engineer,20000,USD,20000,India,Fully Remote,India,SMALL
2021,Senior-Level,Full-time,Lead Data Scientist,3000000,INR,40570,India,Partially Remote,India,LARGE
2021,Entry-Level,Full-time,Machine Learning Developer,100000,USD,100000,Iraq,Partially Remote,Iraq,SMALL
2021,Entry-Level,Full-time,Data Scientist,42000,EUR,49646,France,Partially Remote,France,MEDIUM
2021,Mid-Level,Full-time,Applied Machine Learning Scientist,38400,USD,38400,Vietnam,Fully Remote,United States,MEDIUM
2021,Senior-Level,Full-time,Computer Vision Engineer,24000,USD,24000,Brazil,Fully Remote,Brazil,MEDIUM
2021,Entry-Level,Full-time,Data Scientist,100000,USD,100000,United States,No Remote Work,United States,SMALL
2021,Mid-Level,Full-time,Data Analyst,90000,USD,90000,United States,Fully Remote,United States,MEDIUM
2021,Mid-Level,Full-time,ML Engineer,7000000,JPY,63711,Japan,Partially Remote,Japan,SMALL
2021,Mid-Level,Full-time,ML Engineer,8500000,JPY,77364,Japan,Partially Remote,Japan,SMALL
2021,Senior-Level,Full-time,Principal Data Scientist,220000,USD,220000,United States,No Remote Work,United States,LARGE
2021,Entry-Level,Full-time,Data Scientist,80000,USD,80000,United States,Fully Remote,United States,MEDIUM
2021,Mid-Level,Full-time,Data Analyst,135000,USD,135000,United States,Fully Remote,United States,LARGE
2021,Senior-Level,Full-time,Data Science Manager,240000,USD,240000,United States,No Remote Work,United States,LARGE
2021,Senior-Level,Full-time,Data Engineering Manager,150000,USD,150000,United States,No Remote Work,United States,LARGE
2021,Mid-Level,Full-time,Data Scientist,82500,USD,82500,United States,Fully Remote,United States,SMALL
2021,Mid-Level,Full-time,Data Engineer,100000,USD,100000,United States,Fully Remote,United States,LARGE
2021,Senior-Level,Full-time,Machine Learning Engineer,70000,EUR,82744,Belgium,Partially Remote,Belgium,MEDIUM
2021,Mid-Level,Full-time,Research Scientist,53000,EUR,62649,France,Partially Remote,France,MEDIUM
2021,Mid-Level,Full-time,Data Engineer,90000,USD,90000,United States,Fully Remote,United States,LARGE
2021,Senior-Level,Full-time,Data Engineering Manager,153000,USD,153000,United States,Fully Remote,United States,LARGE
2021,Senior-Level,Full-time,Cloud Data Engineer,160000,USD,160000,Brazil,Fully Remote,United States,SMALL
2021,Senior-Level,Full-time,Director of Data Science,168000,USD,168000,Japan,No Remote Work,Japan,SMALL
2021,Mid-Level,Full-time,Data Scientist,150000,USD,150000,United States,Fully Remote,United States,MEDIUM
2021,Mid-Level,Full-time,Data Scientist,95000,CAD,75774,Canada,Fully Remote,Canada,LARGE
2021,Entry-Level,Full-time,Data Scientist,13400,USD,13400,Ukraine,Fully Remote,Ukraine,LARGE
2021,Senior-Level,Full-time,Data Science Manager,144000,USD,144000,United States,Fully Remote,United States,LARGE
2021,Senior-Level,Full-time,Data Science Engineer,159500,CAD,127221,Canada,Partially Remote,Canada,LARGE
2021,Mid-Level,Full-time,Data Scientist,160000,SGD,119059,Singapore,Fully Remote,Israel,MEDIUM
2021,Mid-Level,Full-time,Applied Machine Learning Scientist,423000,USD,423000,United States,Partially Remote,United States,LARGE
2021,Senior-Level,Full-time,Data Analytics Manager,120000,USD,120000,United States,Fully Remote,United States,MEDIUM
2021,Entry-Level,Full-time,Machine Learning Engineer,125000,USD,125000,United States,Fully Remote,United States,SMALL
2021,Executive-Level,Full-time,Head of Data,230000,USD,230000,Russia,Partially Remote,Russia,LARGE
2021,Executive-Level,Full-time,Head of Data Science,85000,USD,85000,Russia,No Remote Work,Russia,MEDIUM
2021,Mid-Level,Full-time,Data Engineer,24000,EUR,28369,Malta,Partially Remote,Malta,LARGE
2021,Entry-Level,Full-time,Data Science Consultant,54000,EUR,63831,Germany,Partially Remote,Germany,LARGE
2021,Executive-Level,Full-time,Director of Data Science,110000,EUR,130026,Germany,Partially Remote,Germany,MEDIUM
2021,Senior-Level,Full-time,Data Specialist,165000,USD,165000,United States,Fully Remote,United States,LARGE
2021,Entry-Level,Full-time,Data Engineer,80000,USD,80000,United States,Fully Remote,United States,LARGE
2021,Executive-Level,Full-time,Director of Data Science,250000,USD,250000,United States,No Remote Work,United States,LARGE
2021,Entry-Level,Full-time,BI Data Analyst,55000,USD,55000,United States,Partially Remote,United States,SMALL
2021,Mid-Level,Full-time,Data Architect,150000,USD,150000,United States,Fully Remote,United States,LARGE
2021,Mid-Level,Full-time,Data Architect,170000,USD,170000,United States,Fully Remote,United States,LARGE
2021,Mid-Level,Full-time,Data Engineer,60000,GBP,82528,United Kingdom,Fully Remote,United Kingdom,LARGE
2021,Entry-Level,Full-time,Data Analyst,60000,USD,60000,United States,Fully Remote,United States,SMALL
2021,Senior-Level,Full-time,Principal Data Scientist,235000,USD,235000,United States,Fully Remote,United States,LARGE
2021,Senior-Level,Full-time,Research Scientist,51400,EUR,60757,Portugal,Partially Remote,Portugal,LARGE
2021,Senior-Level,Full-time,Data Engineering Manager,174000,USD,174000,United States,Fully Remote,United States,LARGE
2021,Mid-Level,Full-time,Data Scientist,58000,MXN,2859,Mexico,No Remote Work,Mexico,SMALL
2021,Mid-Level,Full-time,Data Scientist,30400000,CLP,40038,Chile,Fully Remote,Chile,LARGE
2021,Entry-Level,Full-time,Machine Learning Engineer,81000,USD,81000,United States,Partially Remote,United States,SMALL
2021,Mid-Level,Full-time,Data Scientist,420000,INR,5679,India,Fully Remote,United States,SMALL
2021,Mid-Level,Full-time,Big Data Engineer,1672000,INR,22611,India,No Remote Work,India,LARGE
2021,Mid-Level,Full-time,Data Scientist,76760,EUR,90734,Germany,Partially Remote,Germany,LARGE
2021,Mid-Level,Full-time,Data Engineer,22000,EUR,26005,Romania,No Remote Work,United States,LARGE
2021,Senior-Level,Full-time,Finance Data Analyst,45000,GBP,61896,United Kingdom,Partially Remote,United Kingdom,LARGE
2021,Mid-Level,Freelance,Machine Learning Scientist,12000,USD,12000,Pakistan,Partially Remote,Pakistan,MEDIUM
2021,Mid-Level,Full-time,Data Engineer,4000,USD,4000,Iran,Fully Remote,Iran,MEDIUM
2021,Senior-Level,Full-time,Data Analytics Engineer,50000,USD,50000,Vietnam,Fully Remote,United Kingdom,MEDIUM
2021,Executive-Level,Full-time,Data Science Consultant,59000,EUR,69741,France,Fully Remote,Spain,SMALL
2021,Senior-Level,Full-time,Data Engineer,65000,EUR,76833,Romania,Partially Remote,United Kingdom,SMALL
2021,Mid-Level,Full-time,Machine Learning Engineer,74000,USD,74000,Japan,Partially Remote,Japan,SMALL
2021,Senior-Level,Full-time,Data Science Manager,152000,USD,152000,United States,Fully Remote,France,LARGE
2021,Entry-Level,Full-time,Machine Learning Engineer,21844,USD,21844,Colombia,Partially Remote,Colombia,MEDIUM
2021,Mid-Level,Full-time,Big Data Engineer,18000,USD,18000,Moldova,No Remote Work,Moldova,SMALL
2021,Senior-Level,Full-time,Data Science Manager,174000,USD,174000,United States,Fully Remote,United States,LARGE
2021,Senior-Level,Full-time,Research Scientist,120500,CAD,96113,Canada,Partially Remote,Canada,LARGE
2021,Mid-Level,Full-time,Data Scientist,147000,USD,147000,United States,Partially Remote,United States,LARGE
2021,Entry-Level,Full-time,BI Data Analyst,9272,USD,9272,Kenya,Fully Remote,Kenya,SMALL
2021,Senior-Level,Full-time,Machine Learning Engineer,1799997,INR,24342,India,Fully Remote,India,LARGE
2021,Senior-Level,Full-time,Data Science Manager,4000000,INR,54094,India,Partially Remote,United States,LARGE
2021,Entry-Level,Full-time,Data Science Consultant,90000,USD,90000,United States,Fully Remote,United States,SMALL
2021,Mid-Level,Full-time,Data Scientist,52000,EUR,61467,Germany,Partially Remote,Austria,MEDIUM
2021,Senior-Level,Full-time,Machine Learning Infrastructure Engineer,195000,USD,195000,United States,Fully Remote,United States,MEDIUM
2021,Mid-Level,Full-time,Data Scientist,32000,EUR,37825,Spain,Fully Remote,Spain,LARGE
2021,Senior-Level,Full-time,Research Scientist,50000,USD,50000,France,Fully Remote,United States,SMALL
2021,Mid-Level,Full-time,Data Scientist,160000,USD,160000,United States,Fully Remote,United States,LARGE
2021,Mid-Level,Full-time,Data Scientist,69600,BRL,12901,Brazil,No Remote Work,Brazil,SMALL
2021,Senior-Level,Full-time,Machine Learning Engineer,200000,USD,200000,United States,Fully Remote,United States,LARGE
2021,Senior-Level,Full-time,Data Engineer,165000,USD,165000,United States,No Remote Work,United States,MEDIUM
2021,Mid-Level,Freelance,Data Engineer,20000,USD,20000,Italy,No Remote Work,United States,LARGE
2021,Senior-Level,Full-time,Data Analytics Manager,120000,USD,120000,United States,No Remote Work,United States,LARGE
2021,Mid-Level,Full-time,Machine Learning Engineer,21000,EUR,24823,Slovenia,Partially Remote,Slovenia,LARGE
2021,Mid-Level,Full-time,Research Scientist,48000,EUR,56738,France,Partially Remote,France,SMALL
2021,Mid-Level,Full-time,Data Engineer,48000,GBP,66022,Hong Kong,Partially Remote,United Kingdom,SMALL
2021,Entry-Level,Full-time,Big Data Engineer,435000,INR,5882,India,No Remote Work,Switzerland,LARGE
2021,Entry-Level,Full-time,Machine Learning Engineer,21000,EUR,24823,Germany,Partially Remote,Germany,MEDIUM
2021,Senior-Level,Full-time,Principal Data Engineer,185000,USD,185000,United States,Fully Remote,United States,LARGE
2021,Entry-Level,Part-time,Computer Vision Engineer,180000,DKK,28609,Denmark,Partially Remote,Denmark,SMALL
2021,Mid-Level,Full-time,Data Scientist,76760,EUR,90734,Germany,Partially Remote,Germany,LARGE
2021,Mid-Level,Full-time,Machine Learning Engineer,75000,EUR,88654,Belgium,Fully Remote,Belgium,MEDIUM
2021,Senior-Level,Full-time,Data Analytics Manager,140000,USD,140000,United States,Fully Remote,United States,LARGE
2021,Mid-Level,Full-time,Machine Learning Engineer,180000,PLN,46597,Poland,Fully Remote,Poland,LARGE
2021,Mid-Level,Full-time,Data Scientist,85000,GBP,116914,United Kingdom,Partially Remote,United Kingdom,LARGE
2021,Mid-Level,Full-time,Data Scientist,2500000,INR,33808,India,No Remote Work,India,MEDIUM
2021,Mid-Level,Full-time,Data Scientist,40900,GBP,56256,United Kingdom,Partially Remote,United Kingdom,LARGE
2021,Senior-Level,Full-time,Machine Learning Scientist,225000,USD,225000,United States,Fully Remote,Canada,LARGE
2021,Executive-Level,Contract,Principal Data Scientist,416000,USD,416000,United States,Fully Remote,United States,SMALL
2021,Senior-Level,Full-time,Data Scientist,110000,CAD,87738,Canada,Fully Remote,Canada,SMALL
2021,Mid-Level,Full-time,Data Scientist,75000,EUR,88654,Germany,Partially Remote,Germany,LARGE
2021,Senior-Level,Full-time,Data Scientist,135000,USD,135000,United States,No Remote Work,United States,LARGE
2021,Senior-Level,Full-time,Data Analyst,90000,CAD,71786,Canada,Fully Remote,Canada,MEDIUM
2021,Entry-Level,Full-time,Big Data Engineer,1200000,INR,16228,India,Fully Remote,India,LARGE
2021,Senior-Level,Full-time,ML Engineer,256000,USD,256000,United States,Fully Remote,United States,SMALL
2021,Senior-Level,Full-time,Director of Data Engineering,200000,USD,200000,United States,Fully Remote,United States,LARGE
2021,Senior-Level,Full-time,Data Analyst,200000,USD,200000,United States,Fully Remote,United States,LARGE
2021,Mid-Level,Full-time,Data Architect,180000,USD,180000,United States,Fully Remote,United States,LARGE
2021,Mid-Level,Full-time,Head of Data Science,110000,USD,110000,United States,No Remote Work,United States,SMALL
2021,Mid-Level,Full-time,Research Scientist,80000,CAD,63810,Canada,Fully Remote,Canada,MEDIUM
2021,Mid-Level,Full-time,Data Scientist,39600,EUR,46809,Spain,Fully Remote,Spain,MEDIUM
2021,Entry-Level,Full-time,Data Scientist,4000,USD,4000,Vietnam,No Remote Work,Vietnam,MEDIUM
2021,Entry-Level,Full-time,Data Engineer,1600000,INR,21637,India,Partially Remote,India,MEDIUM
2021,Senior-Level,Full-time,Data Scientist,130000,CAD,103691,Canada,Fully Remote,Canada,LARGE
2021,Mid-Level,Full-time,Data Analyst,80000,USD,80000,United States,Fully Remote,United States,LARGE
2021,Mid-Level,Full-time,Data Engineer,110000,USD,110000,United States,Fully Remote,United States,LARGE
2021,Senior-Level,Full-time,Data Scientist,165000,USD,165000,United States,Fully Remote,United States,LARGE
2021,Entry-Level,Full-time,AI Scientist,1335000,INR,18053,India,Fully Remote,AS,SMALL
2021,Mid-Level,Full-time,Data Engineer,52500,GBP,72212,United Kingdom,Partially Remote,United Kingdom,LARGE
2021,Entry-Level,Full-time,Data Scientist,31000,EUR,36643,France,Partially Remote,France,LARGE
2021,Mid-Level,Full-time,Data Engineer,108000,TRY,12103,Turkey,No Remote Work,Turkey,MEDIUM
2021,Senior-Level,Full-time,Data Engineer,70000,GBP,96282,United Kingdom,Partially Remote,United Kingdom,LARGE
2021,Senior-Level,Full-time,Principal Data Analyst,170000,USD,170000,United States,Fully Remote,United States,MEDIUM
2021,Mid-Level,Full-time,Data Scientist,115000,USD,115000,United States,Partially Remote,United States,LARGE
2021,Entry-Level,Full-time,Data Scientist,90000,USD,90000,United States,Fully Remote,United States,SMALL
2021,Executive-Level,Full-time,Principal Data Engineer,600000,USD,600000,United States,Fully Remote,United States,LARGE
2021,Entry-Level,Full-time,Data Scientist,2100000,INR,28399,India,Fully Remote,India,MEDIUM
2021,Mid-Level,Full-time,Data Analyst,93000,USD,93000,United States,Fully Remote,United States,LARGE
2021,Senior-Level,Full-time,Big Data Architect,125000,CAD,99703,Canada,Partially Remote,Canada,MEDIUM
2021,Mid-Level,Full-time,Data Engineer,200000,USD,200000,United States,Fully Remote,United States,LARGE
2021,Senior-Level,Full-time,Principal Data Scientist,147000,EUR,173762,Germany,Fully Remote,Germany,MEDIUM
2021,Senior-Level,Full-time,Machine Learning Engineer,185000,USD,185000,United States,Partially Remote,United States,LARGE
2021,Executive-Level,Full-time,Director of Data Science,120000,EUR,141846,Germany,No Remote Work,Germany,LARGE
2021,Mid-Level,Full-time,Data Scientist,130000,USD,130000,United States,Partially Remote,United States,LARGE
2021,Senior-Level,Full-time,Data Analyst,54000,EUR,63831,Germany,Partially Remote,Germany,LARGE
2021,Mid-Level,Full-time,Data Scientist,1250000,INR,16904,India,Fully Remote,India,SMALL
2021,Senior-Level,Full-time,Machine Learning Engineer,4900000,INR,66265,India,No Remote Work,India,LARGE
2021,Mid-Level,Full-time,Data Scientist,21600,EUR,25532,Serbia,Fully Remote,Germany,SMALL
2021,Senior-Level,Full-time,Lead Data Engineer,160000,USD,160000,Puerto Rico,Partially Remote,United States,SMALL
2021,Mid-Level,Full-time,Data Engineer,93150,USD,93150,United States,No Remote Work,United States,MEDIUM
2021,Mid-Level,Full-time,Data Engineer,111775,USD,111775,United States,No Remote Work,United States,MEDIUM
2021,Mid-Level,Full-time,Data Engineer,250000,TRY,28016,Turkey,Fully Remote,Turkey,MEDIUM
2021,Entry-Level,Full-time,Data Engineer,55000,EUR,65013,Germany,Partially Remote,Germany,MEDIUM
2021,Entry-Level,Full-time,Data Engineer,72500,USD,72500,United States,Fully Remote,United States,LARGE
2021,Senior-Level,Full-time,Computer Vision Engineer,102000,BRL,18907,Brazil,No Remote Work,Brazil,MEDIUM
2021,Entry-Level,Full-time,Data Science Consultant,65000,EUR,76833,Germany,No Remote Work,Germany,LARGE
2021,Entry-Level,Full-time,Machine Learning Engineer,85000,USD,85000,Netherlands,Fully Remote,Germany,SMALL
2021,Senior-Level,Full-time,Data Scientist,65720,EUR,77684,France,Partially Remote,France,MEDIUM
2021,Entry-Level,Full-time,Data Scientist,100000,USD,100000,United States,Fully Remote,United States,MEDIUM
2021,Entry-Level,Full-time,Data Scientist,58000,USD,58000,United States,Partially Remote,United States,LARGE
2021,Senior-Level,Full-time,AI Scientist,55000,USD,55000,Spain,Fully Remote,Spain,LARGE
2021,Senior-Level,Full-time,Data Scientist,180000,TRY,20171,Turkey,Partially Remote,Turkey,LARGE
2021,Entry-Level,Full-time,Business Data Analyst,50000,EUR,59102,Luxembourg,Fully Remote,Luxembourg,LARGE
2021,Mid-Level,Full-time,Data Engineer,112000,USD,112000,United States,Fully Remote,United States,LARGE
2021,Entry-Level,Full-time,Research Scientist,100000,USD,100000,Jersey,No Remote Work,China,LARGE
2021,Mid-Level,Part-time,Data Engineer,59000,EUR,69741,Netherlands,Fully Remote,Netherlands,LARGE
2021,Senior-Level,Contract,Staff Data Scientist,105000,USD,105000,United States,Fully Remote,United States,MEDIUM
2021,Mid-Level,Full-time,Research Scientist,69999,USD,69999,Czech Republic,Partially Remote,Czech Republic,LARGE
2021,Senior-Level,Full-time,Data Science Manager,7000000,INR,94665,India,Partially Remote,India,LARGE
2021,Senior-Level,Full-time,Head of Data,87000,EUR,102839,Slovenia,Fully Remote,Slovenia,LARGE
2021,Mid-Level,Full-time,Data Scientist,109000,USD,109000,United States,Partially Remote,United States,LARGE
2021,Mid-Level,Full-time,Machine Learning Engineer,43200,EUR,51064,Italy,Partially Remote,Italy,LARGE
2022,Senior-Level,Full-time,Data Engineer,135000,USD,135000,United States,Fully Remote,United States,MEDIUM
2022,Senior-Level,Full-time,Data Analyst,155000,USD,155000,United States,Fully Remote,United States,MEDIUM
2022,Senior-Level,Full-time,Data Analyst,120600,USD,120600,United States,Fully Remote,United States,MEDIUM
2022,Mid-Level,Full-time,Data Scientist,130000,USD,130000,United States,No Remote Work,United States,MEDIUM
2022,Mid-Level,Full-time,Data Scientist,90000,USD,90000,United States,No Remote Work,United States,MEDIUM
2022,Mid-Level,Full-time,Data Engineer,170000,USD,170000,United States,Fully Remote,United States,MEDIUM
2022,Mid-Level,Full-time,Data Engineer,150000,USD,150000,United States,Fully Remote,United States,MEDIUM
2022,Senior-Level,Full-time,Data Analyst,102100,USD,102100,United States,Fully Remote,United States,MEDIUM
2022,Senior-Level,Full-time,Data Analyst,84900,USD,84900,United States,Fully Remote,United States,MEDIUM
2022,Senior-Level,Full-time,Data Scientist,136620,USD,136620,United States,Fully Remote,United States,MEDIUM
2022,Senior-Level,Full-time,Data Scientist,99360,USD,99360,United States,Fully Remote,United States,MEDIUM
2022,Senior-Level,Full-time,Data Scientist,90000,GBP,117789,United Kingdom,No Remote Work,United Kingdom,MEDIUM
2022,Senior-Level,Full-time,Data Scientist,80000,GBP,104702,United Kingdom,No Remote Work,United Kingdom,MEDIUM
2022,Senior-Level,Full-time,Data Scientist,146000,USD,146000,United States,Fully Remote,United States,MEDIUM
2022,Senior-Level,Full-time,Data Scientist,123000,USD,123000,United States,Fully Remote,United States,MEDIUM
2022,Entry-Level,Full-time,Data Engineer,40000,GBP,52351,United Kingdom,Fully Remote,United Kingdom,MEDIUM
2022,Senior-Level,Full-time,Data Analyst,99000,USD,99000,United States,No Remote Work,United States,MEDIUM
2022,Senior-Level,Full-time,Data Analyst,116000,USD,116000,United States,No Remote Work,United States,MEDIUM
2022,Mid-Level,Full-time,Data Analyst,106260,USD,106260,United States,No Remote Work,United States,MEDIUM
2022,Mid-Level,Full-time,Data Analyst,126500,USD,126500,United States,No Remote Work,United States,MEDIUM
2022,Executive-Level,Full-time,Data Engineer,242000,USD,242000,United States,Fully Remote,United States,MEDIUM
2022,Executive-Level,Full-time,Data Engineer,200000,USD,200000,United States,Fully Remote,United States,MEDIUM
2022,Mid-Level,Full-time,Data Scientist,50000,GBP,65438,United Kingdom,No Remote Work,United Kingdom,MEDIUM
2022,Mid-Level,Full-time,Data Scientist,30000,GBP,39263,United Kingdom,No Remote Work,United Kingdom,MEDIUM
2022,Mid-Level,Full-time,Data Engineer,60000,GBP,78526,United Kingdom,No Remote Work,United Kingdom,MEDIUM
2022,Mid-Level,Full-time,Data Engineer,40000,GBP,52351,United Kingdom,No Remote Work,United Kingdom,MEDIUM
2022,Senior-Level,Full-time,Data Scientist,165220,USD,165220,United States,Fully Remote,United States,MEDIUM
2022,Entry-Level,Full-time,Data Engineer,35000,GBP,45807,United Kingdom,Fully Remote,United Kingdom,MEDIUM
2022,Senior-Level,Full-time,Data Scientist,120160,USD,120160,United States,Fully Remote,United States,MEDIUM
2022,Senior-Level,Full-time,Data Analyst,90320,USD,90320,United States,Fully Remote,United States,MEDIUM
2022,Senior-Level,Full-time,Data Engineer,181940,USD,181940,United States,No Remote Work,United States,MEDIUM
2022,Senior-Level,Full-time,Data Engineer,132320,USD,132320,United States,No Remote Work,United States,MEDIUM
2022,Senior-Level,Full-time,Data Engineer,220110,USD,220110,United States,No Remote Work,United States,MEDIUM
2022,Senior-Level,Full-time,Data Engineer,160080,USD,160080,United States,No Remote Work,United States,MEDIUM
2022,Senior-Level,Full-time,Data Scientist,180000,USD,180000,United States,No Remote Work,United States,LARGE
2022,Senior-Level,Full-time,Data Scientist,120000,USD,120000,United States,No Remote Work,United States,LARGE
2022,Senior-Level,Full-time,Data Analyst,124190,USD,124190,United States,Fully Remote,United States,MEDIUM
2022,Executive-Level,Full-time,Data Analyst,130000,USD,130000,United States,Fully Remote,United States,MEDIUM
2022,Executive-Level,Full-time,Data Analyst,110000,USD,110000,United States,Fully Remote,United States,MEDIUM
2022,Senior-Level,Full-time,Data Analyst,170000,USD,170000,United States,Fully Remote,United States,MEDIUM
2022,Mid-Level,Full-time,Data Analyst,115500,USD,115500,United States,Fully Remote,United States,MEDIUM
2022,Senior-Level,Full-time,Data Analyst,112900,USD,112900,United States,Fully Remote,United States,MEDIUM
2022,Senior-Level,Full-time,Data Analyst,90320,USD,90320,United States,Fully Remote,United States,MEDIUM
2022,Senior-Level,Full-time,Data Analyst,112900,USD,112900,United States,Fully Remote,United States,MEDIUM
2022,Senior-Level,Full-time,Data Analyst,90320,USD,90320,United States,Fully Remote,United States,MEDIUM
2022,Senior-Level,Full-time,Data Engineer,165400,USD,165400,United States,Fully Remote,United States,MEDIUM
2022,Senior-Level,Full-time,Data Engineer,132320,USD,132320,United States,Fully Remote,United States,MEDIUM
2022,Mid-Level,Full-time,Data Analyst,167000,USD,167000,United States,Fully Remote,United States,MEDIUM
2022,Senior-Level,Full-time,Data Engineer,243900,USD,243900,United States,Fully Remote,United States,MEDIUM
2022,Senior-Level,Full-time,Data Analyst,136600,USD,136600,United States,Fully Remote,United States,MEDIUM
2022,Senior-Level,Full-time,Data Analyst,109280,USD,109280,United States,Fully Remote,United States,MEDIUM
2022,Senior-Level,Full-time,Data Engineer,128875,USD,128875,United States,Fully Remote,United States,MEDIUM
2022,Senior-Level,Full-time,Data Engineer,93700,USD,93700,United States,Fully Remote,United States,MEDIUM
2022,Executive-Level,Full-time,Head of Data Science,224000,USD,224000,United States,Fully Remote,United States,MEDIUM
2022,Executive-Level,Full-time,Head of Data Science,167875,USD,167875,United States,Fully Remote,United States,MEDIUM
2022,Executive-Level,Full-time,Analytics Engineer,175000,USD,175000,United States,Fully Remote,United States,MEDIUM
2022,Senior-Level,Full-time,Data Engineer,156600,USD,156600,United States,Fully Remote,United States,MEDIUM
2022,Senior-Level,Full-time,Data Engineer,108800,USD,108800,United States,No Remote Work,United States,MEDIUM
2022,Senior-Level,Full-time,Data Scientist,95550,USD,95550,United States,No Remote Work,United States,MEDIUM
2022,Senior-Level,Full-time,Data Engineer,113000,USD,113000,United States,No Remote Work,United States,LARGE
2022,Senior-Level,Full-time,Data Analyst,135000,USD,135000,United States,Fully Remote,United States,MEDIUM
2022,Senior-Level,Full-time,Data Science Manager,161342,USD,161342,United States,Fully Remote,United States,MEDIUM
2022,Senior-Level,Full-time,Data Science Manager,137141,USD,137141,United States,Fully Remote,United States,MEDIUM
2022,Senior-Level,Full-time,Data Scientist,167000,USD,167000,United States,Fully Remote,United States,MEDIUM
2022,Senior-Level,Full-time,Data Scientist,123000,USD,123000,United States,Fully Remote,United States,MEDIUM
2022,Senior-Level,Full-time,Data Engineer,60000,GBP,78526,United Kingdom,No Remote Work,United Kingdom,MEDIUM
2022,Senior-Level,Full-time,Data Engineer,50000,GBP,65438,United Kingdom,No Remote Work,United Kingdom,MEDIUM
2022,Senior-Level,Full-time,Data Scientist,150000,USD,150000,United States,No Remote Work,United States,MEDIUM
2022,Senior-Level,Full-time,Data Scientist,211500,USD,211500,United States,Fully Remote,United States,MEDIUM
2022,Senior-Level,Full-time,Data Architect,192400,USD,192400,Canada,Fully Remote,Canada,MEDIUM
2022,Senior-Level,Full-time,Data Architect,90700,USD,90700,Canada,Fully Remote,Canada,MEDIUM
2022,Senior-Level,Full-time,Data Analyst,130000,USD,130000,Canada,Fully Remote,Canada,MEDIUM
2022,Senior-Level,Full-time,Data Analyst,61300,USD,61300,Canada,Fully Remote,Canada,MEDIUM
2022,Senior-Level,Full-time,Data Analyst,130000,USD,130000,Canada,Fully Remote,Canada,MEDIUM
2022,Senior-Level,Full-time,Data Analyst,61300,USD,61300,Canada,Fully Remote,Canada,MEDIUM
2022,Senior-Level,Full-time,Data Engineer,160000,USD,160000,United States,No Remote Work,United States,LARGE
2022,Senior-Level,Full-time,Data Scientist,138600,USD,138600,United States,Fully Remote,United States,MEDIUM
2022,Senior-Level,Full-time,Data Engineer,136000,USD,136000,United States,No Remote Work,United States,MEDIUM
2022,Mid-Level,Full-time,Data Analyst,58000,USD,58000,United States,No Remote Work,United States,SMALL
2022,Executive-Level,Full-time,Analytics Engineer,135000,USD,135000,United States,Fully Remote,United States,MEDIUM
2022,Senior-Level,Full-time,Data Scientist,170000,USD,170000,United States,Fully Remote,United States,MEDIUM
2022,Senior-Level,Full-time,Data Scientist,123000,USD,123000,United States,Fully Remote,United States,MEDIUM
2022,Senior-Level,Full-time,Machine Learning Engineer,189650,USD,189650,United States,No Remote Work,United States,MEDIUM
2022,Senior-Level,Full-time,Machine Learning Engineer,164996,USD,164996,United States,No Remote Work,United States,MEDIUM
2022,Mid-Level,Full-time,ETL Developer,50000,EUR,54957,Greece,No Remote Work,Greece,MEDIUM
2022,Mid-Level,Full-time,ETL Developer,50000,EUR,54957,Greece,No Remote Work,Greece,MEDIUM
2022,Executive-Level,Full-time,Lead Data Engineer,150000,CAD,118187,Canada,Fully Remote,Canada,SMALL
2022,Senior-Level,Full-time,Data Analyst,132000,USD,132000,United States,No Remote Work,United States,MEDIUM
2022,Senior-Level,Full-time,Data Engineer,165400,USD,165400,United States,Fully Remote,United States,MEDIUM
2022,Senior-Level,Full-time,Data Architect,208775,USD,208775,United States,Fully Remote,United States,MEDIUM
2022,Senior-Level,Full-time,Data Architect,147800,USD,147800,United States,Fully Remote,United States,MEDIUM
2022,Senior-Level,Full-time,Data Engineer,136994,USD,136994,United States,Fully Remote,United States,MEDIUM
2022,Senior-Level,Full-time,Data Engineer,101570,USD,101570,United States,Fully Remote,United States,MEDIUM
2022,Senior-Level,Full-time,Data Analyst,128875,USD,128875,United States,Fully Remote,United States,MEDIUM
2022,Senior-Level,Full-time,Data Analyst,93700,USD,93700,United States,Fully Remote,United States,MEDIUM
2022,Executive-Level,Full-time,Head of Machine Learning,6000000,INR,79039,India,Partially Remote,India,LARGE
2022,Senior-Level,Full-time,Data Engineer,132320,USD,132320,United States,Fully Remote,United States,MEDIUM
2022,Entry-Level,Full-time,Machine Learning Engineer,28500,GBP,37300,United Kingdom,Fully Remote,United Kingdom,LARGE
2022,Senior-Level,Full-time,Data Analyst,164000,USD,164000,United States,No Remote Work,United States,MEDIUM
2022,Senior-Level,Full-time,Data Engineer,155000,USD,155000,United States,Fully Remote,United States,MEDIUM
2022,Mid-Level,Full-time,Machine Learning Engineer,95000,GBP,124333,United Kingdom,No Remote Work,United Kingdom,MEDIUM
2022,Mid-Level,Full-time,Machine Learning Engineer,75000,GBP,98158,United Kingdom,No Remote Work,United Kingdom,MEDIUM
2022,Mid-Level,Full-time,AI Scientist,120000,USD,120000,United States,No Remote Work,United States,MEDIUM
2022,Senior-Level,Full-time,Data Analyst,112900,USD,112900,United States,Fully Remote,United States,MEDIUM
2022,Senior-Level,Full-time,Data Analyst,90320,USD,90320,United States,Fully Remote,United States,MEDIUM
2022,Senior-Level,Full-time,Data Analytics Manager,145000,USD,145000,United States,Fully Remote,United States,MEDIUM
2022,Senior-Level,Full-time,Data Analytics Manager,105400,USD,105400,United States,Fully Remote,United States,MEDIUM
2022,Mid-Level,Full-time,Machine Learning Engineer,80000,EUR,87932,France,Fully Remote,Germany,MEDIUM
2022,Mid-Level,Full-time,Data Engineer,90000,GBP,117789,United Kingdom,No Remote Work,United Kingdom,MEDIUM
2022,Senior-Level,Full-time,Data Scientist,215300,USD,215300,United States,Fully Remote,United States,LARGE
2022,Senior-Level,Full-time,Data Scientist,158200,USD,158200,United States,Fully Remote,United States,LARGE
2022,Senior-Level,Full-time,Data Engineer,209100,USD,209100,United States,Fully Remote,United States,LARGE
2022,Senior-Level,Full-time,Data Engineer,154600,USD,154600,United States,Fully Remote,United States,LARGE
2022,Senior-Level,Full-time,Data Analyst,115934,USD,115934,United States,No Remote Work,United States,MEDIUM
2022,Senior-Level,Full-time,Data Analyst,81666,USD,81666,United States,No Remote Work,United States,MEDIUM
2022,Senior-Level,Full-time,Data Engineer,175000,USD,175000,United States,Fully Remote,United States,MEDIUM
2022,Mid-Level,Full-time,Data Engineer,75000,GBP,98158,United Kingdom,No Remote Work,United Kingdom,MEDIUM
2022,Mid-Level,Full-time,Data Analyst,58000,USD,58000,United States,No Remote Work,United States,SMALL
2022,Senior-Level,Full-time,Data Engineer,183600,USD,183600,United States,Fully Remote,United States,LARGE
2022,Mid-Level,Full-time,Data Analyst,40000,GBP,52351,United Kingdom,Fully Remote,United Kingdom,MEDIUM
2022,Senior-Level,Full-time,Data Scientist,180000,USD,180000,United States,Fully Remote,United States,MEDIUM
2022,Mid-Level,Full-time,Data Scientist,55000,GBP,71982,United Kingdom,No Remote Work,United Kingdom,MEDIUM
2022,Mid-Level,Full-time,Data Scientist,35000,GBP,45807,United Kingdom,No Remote Work,United Kingdom,MEDIUM
2022,Mid-Level,Full-time,Data Engineer,60000,EUR,65949,Greece,Fully Remote,Greece,MEDIUM
2022,Mid-Level,Full-time,Data Engineer,45000,EUR,49461,Greece,Fully Remote,Greece,MEDIUM
2022,Mid-Level,Full-time,Data Engineer,60000,GBP,78526,United Kingdom,Fully Remote,United Kingdom,MEDIUM
2022,Mid-Level,Full-time,Data Engineer,45000,GBP,58894,United Kingdom,Fully Remote,United Kingdom,MEDIUM
2022,Senior-Level,Full-time,Data Scientist,260000,USD,260000,United States,Fully Remote,United States,MEDIUM
2022,Senior-Level,Full-time,Data Science Engineer,60000,USD,60000,Argentina,Fully Remote,Mexico,LARGE
2022,Mid-Level,Full-time,Data Engineer,63900,USD,63900,United States,No Remote Work,United States,MEDIUM
2022,Mid-Level,Full-time,Machine Learning Scientist,160000,USD,160000,United States,Fully Remote,United States,LARGE
2022,Mid-Level,Full-time,Machine Learning Scientist,112300,USD,112300,United States,Fully Remote,United States,LARGE
2022,Mid-Level,Full-time,Data Science Manager,241000,USD,241000,United States,Fully Remote,United States,MEDIUM
2022,Mid-Level,Full-time,Data Science Manager,159000,USD,159000,United States,Fully Remote,United States,MEDIUM
2022,Senior-Level,Full-time,Data Scientist,180000,USD,180000,United States,No Remote Work,United States,MEDIUM
2022,Senior-Level,Full-time,Data Scientist,80000,USD,80000,United States,No Remote Work,United States,MEDIUM
2022,Mid-Level,Full-time,Data Engineer,82900,USD,82900,United States,No Remote Work,United States,MEDIUM
2022,Senior-Level,Full-time,Data Engineer,100800,USD,100800,United States,Fully Remote,United States,LARGE
2022,Mid-Level,Full-time,Data Engineer,45000,EUR,49461,Spain,Fully Remote,Spain,MEDIUM
2022,Senior-Level,Full-time,Data Scientist,140400,USD,140400,United States,No Remote Work,United States,LARGE
2022,Mid-Level,Full-time,Data Analyst,30000,GBP,39263,United Kingdom,Fully Remote,United Kingdom,MEDIUM
2022,Mid-Level,Full-time,Data Analyst,40000,EUR,43966,Spain,Fully Remote,Spain,MEDIUM
2022,Mid-Level,Full-time,Data Analyst,30000,EUR,32974,Spain,Fully Remote,Spain,MEDIUM
2022,Mid-Level,Full-time,Data Engineer,80000,EUR,87932,Spain,Fully Remote,Spain,MEDIUM
2022,Mid-Level,Full-time,Data Engineer,70000,EUR,76940,Spain,Fully Remote,Spain,MEDIUM
2022,Mid-Level,Full-time,Data Engineer,80000,GBP,104702,United Kingdom,Fully Remote,United Kingdom,MEDIUM
2022,Mid-Level,Full-time,Data Engineer,70000,GBP,91614,United Kingdom,Fully Remote,United Kingdom,MEDIUM
2022,Mid-Level,Full-time,Data Engineer,60000,EUR,65949,Spain,Fully Remote,Spain,MEDIUM
2022,Mid-Level,Full-time,Data Engineer,80000,EUR,87932,Greece,Fully Remote,Greece,MEDIUM
2022,Senior-Level,Full-time,Machine Learning Engineer,189650,USD,189650,United States,No Remote Work,United States,MEDIUM
2022,Senior-Level,Full-time,Machine Learning Engineer,164996,USD,164996,United States,No Remote Work,United States,MEDIUM
2022,Mid-Level,Full-time,Data Analyst,40000,EUR,43966,Greece,Fully Remote,Greece,MEDIUM
2022,Mid-Level,Full-time,Data Analyst,30000,EUR,32974,Greece,Fully Remote,Greece,MEDIUM
2022,Mid-Level,Full-time,Data Engineer,75000,GBP,98158,United Kingdom,Fully Remote,United Kingdom,MEDIUM
2022,Mid-Level,Full-time,Data Engineer,60000,GBP,78526,United Kingdom,Fully Remote,United Kingdom,MEDIUM
2022,Senior-Level,Full-time,Data Scientist,215300,USD,215300,United States,No Remote Work,United States,LARGE
2022,Mid-Level,Full-time,Data Engineer,70000,EUR,76940,Greece,Fully Remote,Greece,MEDIUM
2022,Senior-Level,Full-time,Data Engineer,209100,USD,209100,United States,Fully Remote,United States,LARGE
2022,Senior-Level,Full-time,Data Engineer,154600,USD,154600,United States,Fully Remote,United States,LARGE
2022,Senior-Level,Full-time,Data Engineer,180000,USD,180000,United States,Fully Remote,United States,MEDIUM
2022,Entry-Level,Full-time,ML Engineer,20000,EUR,21983,Portugal,Fully Remote,Portugal,LARGE
2022,Senior-Level,Full-time,Data Engineer,80000,USD,80000,United States,Fully Remote,United States,MEDIUM
2022,Mid-Level,Full-time,Machine Learning Developer,100000,CAD,78791,Canada,Fully Remote,Canada,MEDIUM
2022,Executive-Level,Full-time,Director of Data Science,250000,CAD,196979,Canada,Partially Remote,Canada,LARGE
2022,Mid-Level,Full-time,Machine Learning Engineer,120000,USD,120000,United States,Fully Remote,United States,SMALL
2022,Entry-Level,Full-time,Computer Vision Engineer,125000,USD,125000,United States,No Remote Work,United States,MEDIUM
2022,Mid-Level,Full-time,NLP Engineer,240000,CNY,37236,United States,Partially Remote,United States,LARGE
2022,Senior-Level,Full-time,Data Engineer,105000,USD,105000,United States,Fully Remote,United States,MEDIUM
2022,Senior-Level,Full-time,Lead Machine Learning Engineer,80000,EUR,87932,Germany,No Remote Work,Germany,MEDIUM
2022,Mid-Level,Full-time,Business Data Analyst,1400000,INR,18442,India,Fully Remote,India,MEDIUM
2022,Mid-Level,Full-time,Data Scientist,2400000,INR,31615,India,Fully Remote,India,LARGE
2022,Mid-Level,Full-time,Machine Learning Infrastructure Engineer,53000,EUR,58255,Portugal,Partially Remote,Portugal,LARGE
2022,Entry-Level,Full-time,Financial Data Analyst,100000,USD,100000,United States,Partially Remote,United States,LARGE
2022,Mid-Level,Part-time,Data Engineer,50000,EUR,54957,Germany,Partially Remote,Germany,LARGE
2022,Entry-Level,Full-time,Data Scientist,1400000,INR,18442,India,Fully Remote,India,MEDIUM
2022,Senior-Level,Full-time,Principal Data Scientist,148000,EUR,162674,Germany,Fully Remote,Germany,MEDIUM
2022,Entry-Level,Full-time,Data Engineer,120000,USD,120000,United States,Fully Remote,United States,MEDIUM
2022,Senior-Level,Full-time,Research Scientist,144000,USD,144000,United States,Partially Remote,United States,LARGE
2022,Senior-Level,Full-time,Data Scientist,104890,USD,104890,United States,Fully Remote,United States,MEDIUM
2022,Senior-Level,Full-time,Data Engineer,100000,USD,100000,United States,Fully Remote,United States,MEDIUM
2022,Senior-Level,Full-time,Data Scientist,140000,USD,140000,United States,Fully Remote,United States,MEDIUM
2022,Mid-Level,Full-time,Data Analyst,135000,USD,135000,United States,Fully Remote,United States,MEDIUM
2022,Mid-Level,Full-time,Data Analyst,50000,USD,50000,United States,Fully Remote,United States,MEDIUM
2022,Senior-Level,Full-time,Data Scientist,220000,USD,220000,United States,Fully Remote,United States,MEDIUM
2022,Senior-Level,Full-time,Data Scientist,140000,USD,140000,United States,Fully Remote,United States,MEDIUM
2022,Mid-Level,Full-time,Data Scientist,140000,GBP,183228,United Kingdom,No Remote Work,United Kingdom,MEDIUM
2022,Mid-Level,Full-time,Data Scientist,70000,GBP,91614,United Kingdom,No Remote Work,United Kingdom,MEDIUM
2022,Senior-Level,Full-time,Data Scientist,185100,USD,185100,United States,Fully Remote,United States,MEDIUM
2022,Senior-Level,Full-time,Machine Learning Engineer,220000,USD,220000,United States,Fully Remote,United States,MEDIUM
2022,Mid-Level,Full-time,Data Scientist,200000,USD,200000,United States,Fully Remote,United States,MEDIUM
2022,Mid-Level,Full-time,Data Scientist,120000,USD,120000,United States,Fully Remote,United States,MEDIUM
2022,Senior-Level,Full-time,Machine Learning Engineer,120000,USD,120000,United Arab Emirates,Fully Remote,United Arab Emirates,SMALL
2022,Senior-Level,Full-time,Machine Learning Engineer,65000,USD,65000,United Arab Emirates,Fully Remote,United Arab Emirates,SMALL
2022,Executive-Level,Full-time,Data Engineer,324000,USD,324000,United States,Fully Remote,United States,MEDIUM
2022,Executive-Level,Full-time,Data Engineer,216000,USD,216000,United States,Fully Remote,United States,MEDIUM
2022,Senior-Level,Full-time,Data Engineer,210000,USD,210000,United States,Fully Remote,United States,MEDIUM
2022,Senior-Level,Full-time,Machine Learning Engineer,120000,USD,120000,United States,Fully Remote,United States,MEDIUM
2022,Senior-Level,Full-time,Data Scientist,230000,USD,230000,United States,Fully Remote,United States,MEDIUM
2022,Entry-Level,Part-time,Data Scientist,100000,USD,100000,Algeria,Partially Remote,Algeria,MEDIUM
2022,Mid-Level,Freelance,Data Scientist,100000,USD,100000,Canada,Fully Remote,United States,MEDIUM
2022,Entry-Level,Contract,Applied Machine Learning Scientist,29000,EUR,31875,Tunisia,Fully Remote,Czech Republic,MEDIUM
2022,Senior-Level,Full-time,Head of Data,200000,USD,200000,Malaysia,Fully Remote,United States,MEDIUM
2022,Mid-Level,Full-time,Principal Data Analyst,75000,USD,75000,Canada,Fully Remote,Canada,SMALL
2022,Mid-Level,Full-time,Data Scientist,150000,PLN,35590,Poland,Fully Remote,Poland,LARGE
2022,Senior-Level,Full-time,Machine Learning Developer,100000,CAD,78791,Canada,Fully Remote,Canada,MEDIUM
2022,Senior-Level,Full-time,Data Scientist,100000,USD,100000,Brazil,Fully Remote,United States,MEDIUM
2022,Mid-Level,Full-time,Machine Learning Scientist,153000,USD,153000,United States,Partially Remote,United States,MEDIUM
2022,Entry-Level,Full-time,Data Engineer,52800,EUR,58035,Pakistan,Fully Remote,Germany,MEDIUM
2022,Senior-Level,Full-time,Data Scientist,165000,USD,165000,United States,Fully Remote,United States,MEDIUM
2022,Senior-Level,Full-time,Research Scientist,85000,EUR,93427,France,Partially Remote,France,LARGE
2022,Entry-Level,Full-time,Data Scientist,66500,CAD,52396,Canada,Fully Remote,Canada,LARGE
2022,Senior-Level,Full-time,Machine Learning Engineer,57000,EUR,62651,Netherlands,Fully Remote,Netherlands,LARGE
2022,Mid-Level,Full-time,Head of Data,30000,EUR,32974,Estonia,Fully Remote,Estonia,SMALL
2022,Entry-Level,Full-time,Data Scientist,40000,USD,40000,Japan,Fully Remote,Malaysia,LARGE
2022,Mid-Level,Full-time,Machine Learning Engineer,121000,AUD,87425,Australia,Fully Remote,Australia,LARGE
2022,Senior-Level,Full-time,Data Engineer,115000,USD,115000,United States,Fully Remote,United States,MEDIUM
2022,Entry-Level,Full-time,Data Scientist,120000,AUD,86703,Australia,Partially Remote,Australia,MEDIUM
2022,Mid-Level,Full-time,Applied Machine Learning Scientist,75000,USD,75000,Bolivia,Fully Remote,United States,LARGE
2022,Mid-Level,Full-time,Research Scientist,59000,EUR,64849,Austria,No Remote Work,Austria,LARGE
2022,Entry-Level,Full-time,Research Scientist,120000,USD,120000,United States,Fully Remote,United States,LARGE
2022,Mid-Level,Full-time,Applied Data Scientist,157000,USD,157000,United States,Fully Remote,United States,LARGE
2022,Entry-Level,Full-time,Computer Vision Software Engineer,150000,USD,150000,Australia,Fully Remote,Australia,SMALL
2022,Mid-Level,Full-time,Business Data Analyst,90000,CAD,70912,Canada,Partially Remote,Canada,LARGE
2022,Entry-Level,Full-time,Data Engineer,65000,USD,65000,United States,Fully Remote,United States,SMALL
2022,Senior-Level,Full-time,Machine Learning Engineer,65000,EUR,71444,Ireland,Fully Remote,Ireland,SMALL
2022,Entry-Level,Full-time,Data Analytics Engineer,20000,USD,20000,Pakistan,No Remote Work,Pakistan,MEDIUM
2022,Mid-Level,Full-time,Data Scientist,48000,USD,48000,Russia,Fully Remote,United States,SMALL
2022,Senior-Level,Full-time,Data Science Manager,152500,USD,152500,United States,Fully Remote,United States,MEDIUM
2022,Mid-Level,Full-time,Data Engineer,62000,EUR,68147,France,Fully Remote,France,MEDIUM
2022,Mid-Level,Full-time,Data Scientist,115000,CHF,122346,Switzerland,No Remote Work,Switzerland,LARGE
2022,Senior-Level,Full-time,Applied Data Scientist,380000,USD,380000,United States,Fully Remote,United States,LARGE
2022,Mid-Level,Full-time,Data Scientist,88000,CAD,69336,Canada,Fully Remote,Canada,MEDIUM
2022,Entry-Level,Full-time,Computer Vision Engineer,10000,USD,10000,Portugal,Fully Remote,Luxembourg,MEDIUM
2022,Mid-Level,Full-time,Data Analyst,20000,USD,20000,Greece,Fully Remote,Greece,SMALL
2022,Senior-Level,Full-time,Data Analytics Lead,405000,USD,405000,United States,Fully Remote,United States,LARGE
2022,Mid-Level,Full-time,Data Scientist,135000,USD,135000,United States,Fully Remote,United States,LARGE
2022,Senior-Level,Full-time,Applied Data Scientist,177000,USD,177000,United States,Fully Remote,United States,LARGE
2022,Mid-Level,Full-time,Data Scientist,78000,USD,78000,United States,Fully Remote,United States,MEDIUM
2022,Senior-Level,Full-time,Data Analyst,135000,USD,135000,United States,Fully Remote,United States,MEDIUM
2022,Senior-Level,Full-time,Data Analyst,100000,USD,100000,United States,Fully Remote,United States,MEDIUM
2022,Senior-Level,Full-time,Data Analyst,90320,USD,90320,United States,Fully Remote,United States,MEDIUM
2022,Mid-Level,Full-time,Data Analyst,85000,USD,85000,Canada,No Remote Work,Canada,MEDIUM
2022,Mid-Level,Full-time,Data Analyst,75000,USD,75000,Canada,No Remote Work,Canada,MEDIUM
2022,Senior-Level,Full-time,Machine Learning Engineer,214000,USD,214000,United States,Fully Remote,United States,MEDIUM
2022,Senior-Level,Full-time,Machine Learning Engineer,192600,USD,192600,United States,Fully Remote,United States,MEDIUM
2022,Senior-Level,Full-time,Data Architect,266400,USD,266400,United States,Fully Remote,United States,MEDIUM
2022,Senior-Level,Full-time,Data Architect,213120,USD,213120,United States,Fully Remote,United States,MEDIUM
2022,Senior-Level,Full-time,Data Analyst,112900,USD,112900,United States,Fully Remote,United States,MEDIUM
2022,Senior-Level,Full-time,Data Engineer,155000,USD,155000,United States,Fully Remote,United States,MEDIUM
2022,Mid-Level,Full-time,Data Scientist,141300,USD,141300,United States,No Remote Work,United States,MEDIUM
2022,Mid-Level,Full-time,Data Scientist,102100,USD,102100,United States,No Remote Work,United States,MEDIUM
2022,Senior-Level,Full-time,Data Analyst,115934,USD,115934,United States,Fully Remote,United States,MEDIUM
2022,Senior-Level,Full-time,Data Analyst,81666,USD,81666,United States,Fully Remote,United States,MEDIUM
2022,Mid-Level,Full-time,Data Engineer,206699,USD,206699,United States,No Remote Work,United States,MEDIUM
2022,Mid-Level,Full-time,Data Engineer,99100,USD,99100,United States,No Remote Work,United States,MEDIUM
2022,Senior-Level,Full-time,Data Engineer,130000,USD,130000,United States,Fully Remote,United States,MEDIUM
2022,Senior-Level,Full-time,Data Engineer,115000,USD,115000,United States,Fully Remote,United States,MEDIUM
2022,Senior-Level,Full-time,Data Engineer,110500,USD,110500,United States,Fully Remote,United States,MEDIUM
2022,Senior-Level,Full-time,Data Engineer,130000,USD,130000,United States,Fully Remote,United States,MEDIUM
2022,Senior-Level,Full-time,Data Analyst,99050,USD,99050,United States,Fully Remote,United States,MEDIUM
2022,Senior-Level,Full-time,Data Engineer,160000,USD,160000,United States,Fully Remote,United States,MEDIUM
2022,Senior-Level,Full-time,Data Scientist,205300,USD,205300,United States,No Remote Work,United States,LARGE
2022,Senior-Level,Full-time,Data Scientist,140400,USD,140400,United States,No Remote Work,United States,LARGE
2022,Senior-Level,Full-time,Data Scientist,176000,USD,176000,United States,Fully Remote,United States,MEDIUM
2022,Senior-Level,Full-time,Data Scientist,144000,USD,144000,United States,Fully Remote,United States,MEDIUM
2022,Senior-Level,Full-time,Data Engineer,200100,USD,200100,United States,Fully Remote,United States,MEDIUM
2022,Senior-Level,Full-time,Data Engineer,160000,USD,160000,United States,Fully Remote,United States,MEDIUM
2022,Senior-Level,Full-time,Data Engineer,145000,USD,145000,United States,Fully Remote,United States,MEDIUM
2022,Senior-Level,Full-time,Data Engineer,70500,USD,70500,United States,No Remote Work,United States,MEDIUM
2022,Senior-Level,Full-time,Data Scientist,205300,USD,205300,United States,No Remote Work,United States,MEDIUM
2022,Senior-Level,Full-time,Data Scientist,140400,USD,140400,United States,No Remote Work,United States,MEDIUM
2022,Senior-Level,Full-time,Analytics Engineer,205300,USD,205300,United States,No Remote Work,United States,MEDIUM
2022,Senior-Level,Full-time,Analytics Engineer,184700,USD,184700,United States,No Remote Work,United States,MEDIUM
2022,Senior-Level,Full-time,Data Engineer,175100,USD,175100,United States,Fully Remote,United States,MEDIUM
2022,Senior-Level,Full-time,Data Engineer,140250,USD,140250,United States,Fully Remote,United States,MEDIUM
2022,Senior-Level,Full-time,Data Analyst,116150,USD,116150,United States,Fully Remote,United States,MEDIUM
2022,Senior-Level,Full-time,Data Engineer,54000,USD,54000,United States,No Remote Work,United States,MEDIUM
2022,Senior-Level,Full-time,Data Analyst,170000,USD,170000,United States,Fully Remote,United States,MEDIUM
2022,Mid-Level,Full-time,Data Analyst,50000,GBP,65438,United Kingdom,No Remote Work,United Kingdom,MEDIUM
2022,Senior-Level,Full-time,Data Analyst,80000,USD,80000,United States,Fully Remote,United States,MEDIUM
2022,Senior-Level,Full-time,Data Scientist,140000,USD,140000,United States,Fully Remote,United States,MEDIUM
2022,Senior-Level,Full-time,Data Scientist,210000,USD,210000,United States,Fully Remote,United States,MEDIUM
2022,Senior-Level,Full-time,Data Scientist,140000,USD,140000,United States,Fully Remote,United States,MEDIUM
2022,Senior-Level,Full-time,Data Analyst,100000,USD,100000,United States,Fully Remote,United States,MEDIUM
2022,Senior-Level,Full-time,Data Analyst,69000,USD,69000,United States,Fully Remote,United States,MEDIUM
2022,Senior-Level,Full-time,Data Scientist,210000,USD,210000,United States,Fully Remote,United States,MEDIUM
2022,Senior-Level,Full-time,Data Scientist,140000,USD,140000,United States,Fully Remote,United States,MEDIUM
2022,Senior-Level,Full-time,Data Scientist,210000,USD,210000,United States,Fully Remote,United States,MEDIUM
2022,Senior-Level,Full-time,Data Analyst,150075,USD,150075,United States,Fully Remote,United States,MEDIUM
2022,Senior-Level,Full-time,Data Engineer,100000,USD,100000,United States,Fully Remote,United States,MEDIUM
2022,Senior-Level,Full-time,Data Engineer,25000,USD,25000,United States,Fully Remote,United States,MEDIUM
2022,Senior-Level,Full-time,Data Analyst,126500,USD,126500,United States,Fully Remote,United States,MEDIUM
2022,Senior-Level,Full-time,Data Analyst,106260,USD,106260,United States,Fully Remote,United States,MEDIUM
2022,Senior-Level,Full-time,Data Engineer,220110,USD,220110,United States,Fully Remote,United States,MEDIUM
2022,Senior-Level,Full-time,Data Engineer,160080,USD,160080,United States,Fully Remote,United States,MEDIUM
2022,Senior-Level,Full-time,Data Analyst,105000,USD,105000,United States,Fully Remote,United States,MEDIUM
2022,Senior-Level,Full-time,Data Analyst,110925,USD,110925,United States,Fully Remote,United States,MEDIUM
2022,Mid-Level,Full-time,Data Analyst,35000,GBP,45807,United Kingdom,No Remote Work,United Kingdom,MEDIUM
2022,Senior-Level,Full-time,Data Scientist,140000,USD,140000,United States,Fully Remote,United States,MEDIUM
2022,Senior-Level,Full-time,Data Analyst,99000,USD,99000,United States,No Remote Work,United States,MEDIUM
2022,Senior-Level,Full-time,Data Analyst,60000,USD,60000,United States,Fully Remote,United States,MEDIUM
2022,Senior-Level,Full-time,Data Architect,192564,USD,192564,United States,Fully Remote,United States,MEDIUM
2022,Senior-Level,Full-time,Data Architect,144854,USD,144854,United States,Fully Remote,United States,MEDIUM
2022,Senior-Level,Full-time,Data Scientist,230000,USD,230000,United States,Fully Remote,United States,MEDIUM
2022,Senior-Level,Full-time,Data Scientist,150000,USD,150000,United States,Fully Remote,United States,MEDIUM
2022,Senior-Level,Full-time,Data Analytics Manager,150260,USD,150260,United States,Fully Remote,United States,MEDIUM
2022,Senior-Level,Full-time,Data Analytics Manager,109280,USD,109280,United States,Fully Remote,United States,MEDIUM
2022,Senior-Level,Full-time,Data Scientist,210000,USD,210000,United States,Fully Remote,United States,MEDIUM
2022,Senior-Level,Full-time,Data Analyst,170000,USD,170000,United States,Fully Remote,United States,MEDIUM
2022,Mid-Level,Full-time,Data Scientist,160000,USD,160000,United States,Fully Remote,United States,MEDIUM
2022,Mid-Level,Full-time,Data Scientist,130000,USD,130000,United States,Fully Remote,United States,MEDIUM
2022,Entry-Level,Full-time,Data Analyst,67000,USD,67000,Canada,No Remote Work,Canada,MEDIUM
2022,Entry-Level,Full-time,Data Analyst,52000,USD,52000,Canada,No Remote Work,Canada,MEDIUM
2022,Senior-Level,Full-time,Data Engineer,154000,USD,154000,United States,Fully Remote,United States,MEDIUM
2022,Senior-Level,Full-time,Data Engineer,126000,USD,126000,United States,Fully Remote,United States,MEDIUM
2022,Senior-Level,Full-time,Data Analyst,129000,USD,129000,United States,No Remote Work,United States,MEDIUM
2022,Senior-Level,Full-time,Data Analyst,150000,USD,150000,United States,Fully Remote,United States,MEDIUM
2022,Mid-Level,Full-time,AI Scientist,200000,USD,200000,India,Fully Remote,United States,LARGE
